﻿<?xml version="1.0" encoding="utf-8"?>
<?xml-stylesheet type="text/xsl" href="c:\program files (x86)\microsoft visual studio 14.0\team tools\static analysis tools\fxcop\Xml\CodeAnalysisReport.xsl"?>
<FxCopReport Version="14.0">
 <Targets>
  <Target Name="C:\Users\Jason\Desktop\govhack\visualstudio\Migration\WindowsFormsApplication1\bin\Debug\SettlementJobDataVisualisation.exe">
   <Modules>
    <Module Name="settlementjobdatavisualisation.exe">
     <Namespaces>
      <Namespace Name="SettlementJobDataVisualisation1">
       <Types>
        <Type Name="Form1" Kind="Class" Accessibility="Public" ExternallyVisible="True">
         <Members>
          <Member Name="#Dispose(System.Boolean)" Kind="Method" Static="False" Accessibility="Family" ExternallyVisible="True">
           <Messages>
            <Message Id="markersOverlay" TypeName="DisposableFieldsShouldBeDisposed" Category="Microsoft.Usage" CheckId="CA2213" Status="Active" Created="2016-07-31 00:32:11Z" FixCategory="NonBreaking">
             <Issue Certainty="75" Level="Warning" Path="C:\Users\Jason\Desktop\govhack\visualstudio\Migration\WindowsFormsApplication1" File="Form1.Designer.cs" Line="15">'Form1' contains field 'Form1.markersOverlay' that is of IDisposable type: 'GMapOverlay'. Change the Dispose method on 'Form1' to call Dispose or Close on this field.</Issue>
            </Message>
           </Messages>
          </Member>
         </Members>
        </Type>
       </Types>
      </Namespace>
      <Namespace Name="SettlementJobDataVisualisation1.Properties">
       <Types>
        <Type Name="Resources" Kind="Class" Accessibility="Assembly" ExternallyVisible="False">
         <Members>
          <Member Name="#.ctor()" Kind="Method" Static="False" Accessibility="Assembly" ExternallyVisible="False">
           <Messages>
            <Message TypeName="AvoidUncalledPrivateCode" Category="Microsoft.Performance" CheckId="CA1811" Status="ExcludedInSource" Created="2016-07-31 00:32:11Z" FixCategory="NonBreaking" LastSeen="0001-01-01 00:00:00Z" />
           </Messages>
          </Member>
         </Members>
        </Type>
       </Types>
      </Namespace>
     </Namespaces>
    </Module>
   </Modules>
  </Target>
 </Targets>
 <Rules>
  <Rule TypeName="AvoidUncalledPrivateCode" Category="Microsoft.Performance" CheckId="CA1811">
   <Name>Avoid uncalled private code</Name>
   <Description>There is uncalled code that is not externally visible and is not a known runtime entry point. If this violation fires in error, please send a problem report to the Visual Studio Code Analysis team.</Description>
   <Owner />
   <Url>http://msdn.microsoft.com/library/ms182264.aspx</Url>
   <Email>[none]</Email>
   <MessageLevel Certainty="75">Warning</MessageLevel>
   <File Name="performancerules.dll" Version="14.0.0.0" />
  </Rule>
  <Rule TypeName="DisposableFieldsShouldBeDisposed" Category="Microsoft.Usage" CheckId="CA2213">
   <Name>Disposable fields should be disposed</Name>
   <Description>If a type that implements IDisposable owns fields that also implement IDisposable, the encapsulating type's Dispose() implementation should call Dispose() on each disposable field.</Description>
   <Resolution Name="Default">{0} contains field {1} that is of IDisposable type: {2}. Change the Dispose method on {0} to call Dispose or Close on this field.</Resolution>
   <Owner />
   <Url>http://msdn.microsoft.com/library/ms182328.aspx</Url>
   <Email>[none]</Email>
   <MessageLevel Certainty="75">Warning</MessageLevel>
   <File Name="usagerules.dll" Version="14.0.0.0" />
  </Rule>
 </Rules>
 <Localized>
  <String Key="Category">Category</String>
  <String Key="Certainty">Certainty</String>
  <String Key="CollapseAll">Collapse All</String>
  <String Key="CheckId">Check Id</String>
  <String Key="Error">Error</String>
  <String Key="Errors">error(s)</String>
  <String Key="ExpandAll">Expand All</String>
  <String Key="Help">Help</String>
  <String Key="Line">Line</String>
  <String Key="Messages">message(s)</String>
  <String Key="LocationNotStoredInPdb">[Location not stored in Pdb]</String>
  <String Key="Project">Project</String>
  <String Key="Resolution">Resolution</String>
  <String Key="Rule">Rule</String>
  <String Key="RuleFile">Rule File</String>
  <String Key="RuleDescription">Rule Description</String>
  <String Key="Source">Source</String>
  <String Key="Status">Status</String>
  <String Key="Target">Target</String>
  <String Key="Warning">Warning</String>
  <String Key="Warnings">warning(s)</String>
  <String Key="ReportTitle">Code Analysis Report</String>
 </Localized>
</FxCopReport>
